<?xml version="1.0" encoding="UTF-8"?>
<root>
  <item name="com.uber.sdk.android.core.auth.AccessTokenManager AccessTokenManager(android.content.Context, com.uber.sdk.android.core.auth.AccessTokenManager.CookieUtils)">
    <annotation name="android.support.annotation.VisibleForTesting" />
  </item>
  <item name="com.uber.sdk.android.core.auth.AccessTokenManager.CookieUtils">
    <annotation name="android.support.annotation.VisibleForTesting" />
  </item>
  <item name="com.uber.sdk.android.core.auth.LoginActivity java.lang.String buildUrl(java.lang.String, com.uber.sdk.android.core.auth.ResponseType, com.uber.sdk.rides.client.SessionConfiguration)">
    <annotation name="android.support.annotation.VisibleForTesting" />
  </item>
  <item name="com.uber.sdk.android.core.auth.LoginActivity.OAuthWebViewClient">
    <annotation name="android.support.annotation.VisibleForTesting" />
  </item>
  <item name="com.uber.sdk.android.core.auth.LoginButton com.uber.sdk.android.core.auth.LoginManager getOrCreateLoginManager()">
    <annotation name="android.support.annotation.VisibleForTesting" />
  </item>
  <item name="com.uber.sdk.android.core.auth.LoginButton void login()">
    <annotation name="android.support.annotation.VisibleForTesting" />
  </item>
  <item name="com.uber.sdk.android.core.auth.SsoDeeplink MIN_VERSION_SUPPORTED">
    <annotation name="android.support.annotation.VisibleForTesting" />
  </item>
</root>

